{
  "ASEAN (Ember)": 570.0053,
  "Afghanistan": 123.711334,
  "Africa": 545.90845,
  "Africa (Ember)": 541.35474,
  "Albania": 24.417313,
  "Algeria": 633.64484,
  "American Samoa": 647.05884,
  "Angola": 167.22408,
  "Antigua and Barbuda": 611.1111,
  "Argentina": 353.95755,
  "Armenia": 262.42776,
  "Asia": 593.83777,
  "Asia (Ember)": 590.39417,
  "Australia": 556.296,
  "Austria": 111.61346,
  "Azerbaijan": 669.9897,
  "Bahrain": 902.40533,
  "Bangladesh": 683.11975,
  "Barbados": 600,
  "Belarus": 364.38733,
  "Belgium": 134.91486,
  "Belize": 155.55556,
  "Benin": 590,
  "Bermuda": 640.625,
  "Bhutan": 24.19355,
  "Bolivia": 489.11224,
  "Bosnia and Herzegovina": 612.3295,
  "Botswana": 849.4209,
  "Brazil": 96.39573,
  "British Virgin Islands": 647.05884,
  "Brunei": 892.6654,
  "Bulgaria": 338.0703,
  "Burkina Faso": 554.91327,
  "Burundi": 230.76924,
  "Cambodia": 470.58823,
  "Cameroon": 285.7143,
  "Canada": 165.1479,
  "Cayman Islands": 642.8571,
  "Chile": 301.92767,
  "China": 583.608,
  "Colombia": 268.96704,
  "Comoros": 642.8572,
  "Congo": 713.7331,
  "Costa Rica": 24.765158,
  "Cote d'Ivoire": 393.531,
  "Croatia": 197.33025,
  "Cuba": 638.97974,
  "Cyprus": 534.8399,
  "Czechia": 442.55377,
  "Democratic Republic of Congo": 27.044025,
  "Denmark": 149.80719,
  "Djibouti": 450,
  "Dominica": 600,
  "Dominican Republic": 579.3974,
  "EU (Ember)": 237.48735,
  "East Timor": 666.6667,
  "Ecuador": 176.2811,
  "Egypt": 574.0438,
  "El Salvador": 118.46153,
  "Equatorial Guinea": 605.0955,
  "Eritrea": 590.90906,
  "Estonia": 388.03418,
  "Eswatini": 142.85713,
  "Ethiopia": 23.54874,
  "Europe": 281.0799,
  "Europe (Ember)": 300.27658,
  "European Union (27)": 237.48735,
  "Fiji": 278.26086,
  "Finland": 81.43962,
  "France": 55.27541,
  "G20 (Ember)": 481.50943,
  "G7 (Ember)": 353.61453,
  "Gabon": 429.46707,
  "Gambia": 666.6667,
  "Georgia": 168.05557,
  "Germany": 371.31064,
  "Ghana": 452.86124,
  "Gibraltar": 590.90906,
  "Greece": 337.08783,
  "Guatemala": 272.65973,
  "Guinea": 182.71605,
  "Guyana": 634.32837,
  "High-income countries": 378.95743,
  "Honduras": 289.49615,
  "Hong Kong": 681.98724,
  "Hungary": 196.22746,
  "Iceland": 28.330019,
  "India": 713.0127,
  "Indonesia": 682.4301,
  "Iran": 641.7322,
  "Iraq": 689.4005,
  "Ireland": 283.801,
  "Israel": 567.26245,
  "Italy": 323.4485,
  "Japan": 493.58505,
  "Kazakhstan": 821.8996,
  "Kenya": 96.950745,
  "Kosovo": 918.16693,
  "Kuwait": 636.90546,
  "Kyrgyzstan": 150.76476,
  "Laos": 232.12238,
  "Latin America and Caribbean (Ember)": 258.13376,
  "Latvia": 119.309265,
  "Lebanon": 369.46902,
  "Liberia": 435.89746,
  "Libya": 830.5326,
  "Lithuania": 120.9213,
  "Lower-middle-income countries": 630.8106,
  "Luxembourg": 122.30216,
  "Malaysia": 607.88074,
  "Maldives": 611.76465,
  "Mali": 394.49542,
  "Malta": 493.61703,
  "Mauritius": 633.0275,
  "Mexico": 492.33505,
  "Middle East (Ember)": 641.2225,
  "Moldova": 625.74255,
  "Mongolia": 785.0822,
  "Montenegro": 407.58298,
  "Morocco": 616.81586,
  "Mozambique": 127.81187,
  "Myanmar": 588.9451,
  "Namibia": 47.61905,
  "Nauru": 750,
  "Netherlands": 268.68045,
  "New Zealand": 104.423164,
  "Nicaragua": 288.32953,
  "Niger": 687.5,
  "Nigeria": 508.82144,
  "North America": 373.7501,
  "North America (Ember)": 363.31644,
  "North Macedonia": 567.2938,
  "Norway": 30.482641,
  "OECD (Ember)": 349.66846,
  "Oceania": 493.4306,
  "Oceania (Ember)": 494.75925,
  "Oman": 545.8787,
  "Pakistan": 425.68472,
  "Panama": 258.74124,
  "Papua New Guinea": 513.74207,
  "Paraguay": 24.864376,
  "Peru": 300.53064,
  "Philippines": 612.5385,
  "Poland": 655.2752,
  "Portugal": 158.25937,
  "Puerto Rico": 660.804,
  "Qatar": 602.6478,
  "Romania": 243.19579,
  "Russia": 445.02438,
  "Rwanda": 301.8868,
  "Saint Vincent and the Grenadines": 600,
  "Samoa": 399.99997,
  "Saudi Arabia": 696.31335,
  "Senegal": 535.4037,
  "Serbia": 641.56244,
  "Seychelles": 571.4286,
  "Sierra Leone": 47.61905,
  "Singapore": 500.87228,
  "Slovakia": 115.137146,
  "Slovenia": 225.08038,
  "Solomon Islands": 636.36365,
  "Somalia": 523.8095,
  "South Africa": 709.6926,
  "South America": 171.66669,
  "South Korea": 432.111,
  "South Sudan": 610.16956,
  "Spain": 169.2753,
  "Sudan": 214.32835,
  "Suriname": 383.17755,
  "Sweden": 38.392212,
  "Switzerland": 38.00712,
  "Taiwan": 644.39636,
  "Tajikistan": 87.5,
  "Tanzania": 371.58472,
  "Thailand": 549.8451,
  "Togo": 478.26086,
  "Tonga": 571.4285,
  "Trinidad and Tobago": 682.1053,
  "Tunisia": 560.357,
  "Turkey": 493.699,
  "Turkmenistan": 1306.3036,
  "Turks and Caicos Islands": 653.8462,
  "United Arab Emirates": 492.69827,
  "United Kingdom": 228.24567,
  "United States": 392.848,
  "United States Virgin Islands": 641.791,
  "Upper-middle-income countries": 547.6743,
  "Uruguay": 115.68323,
  "Uzbekistan": 1121.1803,
  "Vanuatu": 500,
  "Venezuela": 180.25078,
  "Vietnam": 472.47144,
  "World": 484.40286,
  "Yemen": 586.3192,
  "Zambia": 110.996925,
  "Zimbabwe": 298.4356
}